Workbook

Sheet apontamento
A1: Atividade | B1: Horas Apontadas | C1: Apontado por | D1: Data de Início Real | E1: Data de Fim Real | F1: Nome | G1: Data
A2: 010 - 2A-PM-REVISAO GERAL SISTEMA DA PALANCA | B2: 0.36452546 | C2: 81439 - Jussier Romeiro | D2: 46183.339 | E2: 46183.703 | F2: =IF(C2="","",TRIM(IFERROR(IF(ISNUMBER(VALUE(LEFT(C2,FIND(" - ",C2)-1))),MID(C2,FIND(" - ",C2)+3,255),C2),C2))) | G2: =IF(D2="","",IF(ISNUMBER(D2),INT(D2),DATEVALUE(LEFT(D2,10))))
A3: 010 - 1A-PM-CANECAS /CARRINHOS ECT | B3: 0.30634259 | C3: Emerson Justino de Lima | D3: 46183.342 | E3: 46183.648 | F3: =IF(C3="","",TRIM(IFERROR(IF(ISNUMBER(VALUE(LEFT(C3,FIND(" - ",C3)-1))),MID(C3,FIND(" - ",C3)+3,255),C3),C3))) | G3: =IF(D3="","",IF(ISNUMBER(D3),INT(D3),DATEVALUE(LEFT(D3,10))))
A4: 010 - 1 - PREV - VERIFICAR CONJUNTO DOS EMPURRADORES | B4: 0.35052083 | C4: 58336 - Fabricio Tolomeotti Marco | D4: 46183.345 | E4: 46183.696 | F4: =IF(C4="","",TRIM(IFERROR(IF(ISNUMBER(VALUE(LEFT(C4,FIND(" - ",C4)-1))),MID(C4,FIND(" - ",C4)+3,255),C4),C4))) | G4: =IF(D4="","",IF(ISNUMBER(D4),INT(D4),DATEVALUE(LEFT(D4,10))))
A5: 010 - 3M-PM-TELECÂMERA | B5: 0.14138889 | C5: Gilmar Pereira | D5: 46183.399 | E5: 46183.541 | F5: =IF(C5="","",TRIM(IFERROR(IF(ISNUMBER(VALUE(LEFT(C5,FIND(" - ",C5)-1))),MID(C5,FIND(" - ",C5)+3,255),C5),C5))) | G5: =IF(D5="","",IF(ISNUMBER(D5),INT(D5),DATEVALUE(LEFT(D5,10))))
A6: 010 - 1 - PREV - TROCA DOS COMPONENTES DO PAINEL | B6: 0.014189815 | C6: 47222 - Lucas Oliveira Da Silva | D6: 46183.406 | E6: 46183.42 | F6: =IF(C6="","",TRIM(IFERROR(IF(ISNUMBER(VALUE(LEFT(C6,FIND(" - ",C6)-1))),MID(C6,FIND(" - ",C6)+3,255),C6),C6))) | G6: =IF(D6="","",IF(ISNUMBER(D6),INT(D6),DATEVALUE(LEFT(D6,10))))
A7: 010 - 1 - PREV - INSTALAÇÃO DE TERMINAIS NOS CABOS | B7: 0.0928125 | C7: 47222 - Lucas Oliveira Da Silva | D7: 46183.42 | E7: 46183.513 | F7: =IF(C7="","",TRIM(IFERROR(IF(ISNUMBER(VALUE(LEFT(C7,FIND(" - ",C7)-1))),MID(C7,FIND(" - ",C7)+3,255),C7),C7))) | G7: =IF(D7="","",IF(ISNUMBER(D7),INT(D7),DATEVALUE(LEFT(D7,10))))
A8: 010 - 3M-PM-PAINEL ELETRICO (1/2/3/4/7/8) | B8: 0.072060185 | C8: 47222 - Lucas Oliveira Da Silva | D8: 46183.513 | E8: 46183.585 | F8: =IF(C8="","",TRIM(IFERROR(IF(ISNUMBER(VALUE(LEFT(C8,FIND(" - ",C8)-1))),MID(C8,FIND(" - ",C8)+3,255),C8),C8))) | G8: =IF(D8="","",IF(ISNUMBER(D8),INT(D8),DATEVALUE(LEFT(D8,10))))
A9: 010 - 1 - PREV- LIMPEZA A LUBRIFICAÇÃO DAS MOLAS DE FORMAÇÃO | B9: 0.010798611 | C9: 25187 - Amilton Nascimento | D9: 46183.529 | E9: 46183.54 | F9: =IF(C9="","",TRIM(IFERROR(IF(ISNUMBER(VALUE(LEFT(C9,FIND(" - ",C9)-1))),MID(C9,FIND(" - ",C9)+3,255),C9),C9))) | G9: =IF(D9="","",IF(ISNUMBER(D9),INT(D9),DATEVALUE(LEFT(D9,10))))
A10: 010 - 1 - PREV - INSTALAÇÃO DE TERMINAIS NOS CABOS | B10: 0.096168981 | C10: Gilmar Pereira | D10: 46183.542 | E10: 46183.638 | F10: =IF(C10="","",TRIM(IFERROR(IF(ISNUMBER(VALUE(LEFT(C10,FIND(" - ",C10)-1))),MID(C10,FIND(" - ",C10)+3,255),C10),C10))) | G10: =IF(D10="","",IF(ISNUMBER(D10),INT(D10),DATEVALUE(LEFT(D10,10))))
A11: 010 - 3M-PM-PAINEL ELETRICO (1/2/3/4/7/8) | B11: 0.023634259 | C11: 47222 - Lucas Oliveira Da Silva | D11: 46183.615 | E11: 46183.638 | F11: =IF(C11="","",TRIM(IFERROR(IF(ISNUMBER(VALUE(LEFT(C11,FIND(" - ",C11)-1))),MID(C11,FIND(" - ",C11)+3,255),C11),C11))) | G11: =IF(D11="","",IF(ISNUMBER(D11),INT(D11),DATEVALUE(LEFT(D11,10))))
A12: 010 - 3M-PM-PAINEL ELETRICO (1/2/3/4/7/8) | B12: 0.024895833 | C12: Gilmar Pereira | D12: 46183.674 | E12: 46183.699 | F12: =IF(C12="","",TRIM(IFERROR(IF(ISNUMBER(VALUE(LEFT(C12,FIND(" - ",C12)-1))),MID(C12,FIND(" - ",C12)+3,255),C12),C12))) | G12: =IF(D12="","",IF(ISNUMBER(D12),INT(D12),DATEVALUE(LEFT(D12,10))))
A13: 010 - Atividade | B13: 0.0042939815 | C13: 25187 - Amilton Nascimento | D13: 46183.693 | E13: 46183.697 | F13: =IF(C13="","",TRIM(IFERROR(IF(ISNUMBER(VALUE(LEFT(C13,FIND(" - ",C13)-1))),MID(C13,FIND(" - ",C13)+3,255),C13),C13))) | G13: =IF(D13="","",IF(ISNUMBER(D13),INT(D13),DATEVALUE(LEFT(D13,10))))
... A16: 020 - Atividade | B16: 0.00033564815 | C16: 25187 - Amilton Nascimento | D16: 46183.702 | E16: 46183.702 | F16: =IF(C16="","",TRIM(IFERROR(IF(ISNUMBER(VALUE(LEFT(C16,FIND(" - ",C16)-1))),MID(C16,FIND(" - ",C16)+3,255),C16),C16))) | G16: =IF(D16="","",IF(ISNUMBER(D16),INT(D16),DATEVALUE(LEFT(D16,10))))
F17: =IF(C17="","",TRIM(IFERROR(IF(ISNUMBER(VALUE(LEFT(C17,FIND(" - ",C17)-1))),MID(C17,FIND(" - ",C17)+3,255),C17),C17))) | G17: =IF(D17="","",IF(ISNUMBER(D17),INT(D17),DATEVALUE(LEFT(D17,10))))
F18: =IF(C18="","",TRIM(IFERROR(IF(ISNUMBER(VALUE(LEFT(C18,FIND(" - ",C18)-1))),MID(C18,FIND(" - ",C18)+3,255),C18),C18))) | G18: =IF(D18="","",IF(ISNUMBER(D18),INT(D18),DATEVALUE(LEFT(D18,10))))
F19: =IF(C19="","",TRIM(IFERROR(IF(ISNUMBER(VALUE(LEFT(C19,FIND(" - ",C19)-1))),MID(C19,FIND(" - ",C19)+3,255),C19),C19))) | G19: =IF(D19="","",IF(ISNUMBER(D19),INT(D19),DATEVALUE(LEFT(D19,10))))
F20: =IF(C20="","",TRIM(IFERROR(IF(ISNUMBER(VALUE(LEFT(C20,FIND(" - ",C20)-1))),MID(C20,FIND(" - ",C20)+3,255),C20),C20))) | G20: =IF(D20="","",IF(ISNUMBER(D20),INT(D20),DATEVALUE(LEFT(D20,10))))
F21: =IF(C21="","",TRIM(IFERROR(IF(ISNUMBER(VALUE(LEFT(C21,FIND(" - ",C21)-1))),MID(C21,FIND(" - ",C21)+3,255),C21),C21))) | G21: =IF(D21="","",IF(ISNUMBER(D21),INT(D21),DATEVALUE(LEFT(D21,10))))
F22: =IF(C22="","",TRIM(IFERROR(IF(ISNUMBER(VALUE(LEFT(C22,FIND(" - ",C22)-1))),MID(C22,FIND(" - ",C22)+3,255),C22),C22))) | G22: =IF(D22="","",IF(ISNUMBER(D22),INT(D22),DATEVALUE(LEFT(D22,10))))
F23: =IF(C23="","",TRIM(IFERROR(IF(ISNUMBER(VALUE(LEFT(C23,FIND(" - ",C23)-1))),MID(C23,FIND(" - ",C23)+3,255),C23),C23))) | G23: =IF(D23="","",IF(ISNUMBER(D23),INT(D23),DATEVALUE(LEFT(D23,10))))
F24: =IF(C24="","",TRIM(IFERROR(IF(ISNUMBER(VALUE(LEFT(C24,FIND(" - ",C24)-1))),MID(C24,FIND(" - ",C24)+3,255),C24),C24))) | G24: =IF(D24="","",IF(ISNUMBER(D24),INT(D24),DATEVALUE(LEFT(D24,10))))
F25: =IF(C25="","",TRIM(IFERROR(IF(ISNUMBER(VALUE(LEFT(C25,FIND(" - ",C25)-1))),MID(C25,FIND(" - ",C25)+3,255),C25),C25))) | G25: =IF(D25="","",IF(ISNUMBER(D25),INT(D25),DATEVALUE(LEFT(D25,10))))
F26: =IF(C26="","",TRIM(IFERROR(IF(ISNUMBER(VALUE(LEFT(C26,FIND(" - ",C26)-1))),MID(C26,FIND(" - ",C26)+3,255),C26),C26))) | G26: =IF(D26="","",IF(ISNUMBER(D26),INT(D26),DATEVALUE(LEFT(D26,10))))
F27: =IF(C27="","",TRIM(IFERROR(IF(ISNUMBER(VALUE(LEFT(C27,FIND(" - ",C27)-1))),MID(C27,FIND(" - ",C27)+3,255),C27),C27))) | G27: =IF(D27="","",IF(ISNUMBER(D27),INT(D27),DATEVALUE(LEFT(D27,10))))
F28: =IF(C28="","",TRIM(IFERROR(IF(ISNUMBER(VALUE(LEFT(C28,FIND(" - ",C28)-1))),MID(C28,FIND(" - ",C28)+3,255),C28),C28))) | G28: =IF(D28="","",IF(ISNUMBER(D28),INT(D28),DATEVALUE(LEFT(D28,10))))
... F10000: =IF(C10000="","",TRIM(IFERROR(IF(ISNUMBER(VALUE(LEFT(C10000,FIND(" - ",C10000)-1))),MID(C10000,FIND(" - ",C10000)+3,255),C10000),C10000))) | G10000: =IF(D10000="","",IF(ISNUMBER(D10000),INT(D10000),DATEVALUE(LEFT(D10000,10))))

Sheet somatória
A1: Nome | B1: Data | C1: Horas Totais
A2: =LET(nomes,FILTER(apontamento!$F$2:$F$10000,(apontamento!$F$2:$F$10000<>"")*(apontamento!$G$2:$G$10000<>"")),datas,FILTER(apontamento!$G$2:$G$10000,(apontamento!$F$2:$F$10000<>"")*(apontamento!$G$2:$G$10000<>"")),SORT(UNIQUE(HSTACK(nomes,datas)),2,1)) | C2: =IF($A2="","",SUMIFS(apontamento!$B:$B,apontamento!$F:$F,$A2,apontamento!$G:$G,$B2))
C3: =IF($A3="","",SUMIFS(apontamento!$B:$B,apontamento!$F:$F,$A3,apontamento!$G:$G,$B3))
C4: =IF($A4="","",SUMIFS(apontamento!$B:$B,apontamento!$F:$F,$A4,apontamento!$G:$G,$B4))
C5: =IF($A5="","",SUMIFS(apontamento!$B:$B,apontamento!$F:$F,$A5,apontamento!$G:$G,$B5))
C6: =IF($A6="","",SUMIFS(apontamento!$B:$B,apontamento!$F:$F,$A6,apontamento!$G:$G,$B6))
C7: =IF($A7="","",SUMIFS(apontamento!$B:$B,apontamento!$F:$F,$A7,apontamento!$G:$G,$B7))
C8: =IF($A8="","",SUMIFS(apontamento!$B:$B,apontamento!$F:$F,$A8,apontamento!$G:$G,$B8))
C9: =IF($A9="","",SUMIFS(apontamento!$B:$B,apontamento!$F:$F,$A9,apontamento!$G:$G,$B9))
C10: =IF($A10="","",SUMIFS(apontamento!$B:$B,apontamento!$F:$F,$A10,apontamento!$G:$G,$B10))
C11: =IF($A11="","",SUMIFS(apontamento!$B:$B,apontamento!$F:$F,$A11,apontamento!$G:$G,$B11))
C12: =IF($A12="","",SUMIFS(apontamento!$B:$B,apontamento!$F:$F,$A12,apontamento!$G:$G,$B12))
C13: =IF($A13="","",SUMIFS(apontamento!$B:$B,apontamento!$F:$F,$A13,apontamento!$G:$G,$B13))
C14: =IF($A14="","",SUMIFS(apontamento!$B:$B,apontamento!$F:$F,$A14,apontamento!$G:$G,$B14))
... C10000: =IF($A10000="","",SUMIFS(apontamento!$B:$B,apontamento!$F:$F,$A10000,apontamento!$G:$G,$B10000))
